movie_id,title,Action,Comedy,Drama,Romance,SciFi,recommendation_score
1,Galaxy Mission,1,0,0,0,1,0.8571428571428572
2,Love in Nairobi,0,0,1,1,0,0.14285714285714285
3,Final Battle,1,0,0,0,0,0.5
4,Family Weekend,0,1,0,0,0,0.0
5,Future World,1,0,0,0,1,0.8571428571428572
6,Broken Hearts,0,0,1,1,0,0.14285714285714285
7,City Detectives,1,0,1,0,0,0.5714285714285714
8,Space Warriors,1,0,0,0,1,0.8571428571428572
9,Wedding Weekend,0,1,0,1,0,0.07142857142857142
10,Hidden Truth,0,0,1,0,0,0.07142857142857142
11,Fault in our stars,1,0,0,0,1,
11,Fault in our stars,1,0,0,0,1,
